year,month,monthly average,de-season alized,number of days,standard deviation of days,unc of monthly mean,
1958,3,315.71,314.44,-1,-9.99,-0.99,
1958,4,317.45,315.16,-1,-9.99,-0.99,
1958,5,317.51,314.69,-1,-9.99,-0.99,
1958,6,317.27,315.15,-1,-9.99,-0.99,
1958,7,315.87,315.2,-1,-9.99,-0.99,
1958,8,314.93,316.21,-1,-9.99,-0.99,
1958,9,313.21,316.11,-1,-9.99,-0.99,
1958,10,312.42,315.41,-1,-9.99,-0.99,
1958,11,313.33,315.21,-1,-9.99,-0.99,
1958,12,314.67,315.43,-1,-9.99,-0.99,
1959,1,315.58,315.52,-1,-9.99,-0.99,
1959,2,316.49,315.84,-1,-9.99,-0.99,
1959,3,316.65,315.37,-1,-9.99,-0.99,
1959,4,317.72,315.42,-1,-9.99,-0.99,
1959,5,318.29,315.46,-1,-9.99,-0.99,
1959,6,318.15,316,-1,-9.99,-0.99,
1959,7,316.54,315.87,-1,-9.99,-0.99,
1959,8,314.8,316.09,-1,-9.99,-0.99,
1959,9,313.84,316.75,-1,-9.99,-0.99,
1959,10,313.33,316.34,-1,-9.99,-0.99,
1959,11,314.81,316.69,-1,-9.99,-0.99,
1959,12,315.58,316.35,-1,-9.99,-0.99,
1960,1,316.43,316.38,-1,-9.99,-0.99,
1960,2,316.98,316.33,-1,-9.99,-0.99,
1960,3,317.58,316.27,-1,-9.99,-0.99,
1960,4,319.03,316.7,-1,-9.99,-0.99,
1960,5,320.03,317.19,-1,-9.99,-0.99,
1960,6,319.58,317.45,-1,-9.99,-0.99,
1960,7,318.18,317.54,-1,-9.99,-0.99,
1960,8,315.9,317.22,-1,-9.99,-0.99,
1960,9,314.17,317.1,-1,-9.99,-0.99,
1960,10,313.83,316.85,-1,-9.99,-0.99,
1960,11,315,316.89,-1,-9.99,-0.99,
1960,12,316.19,316.96,-1,-9.99,-0.99,
1961,1,316.89,316.84,-1,-9.99,-0.99,
1961,2,317.7,317.05,-1,-9.99,-0.99,
1961,3,318.54,317.25,-1,-9.99,-0.99,
1961,4,319.48,317.16,-1,-9.99,-0.99,
1961,5,320.58,317.73,-1,-9.99,-0.99,
1961,6,319.77,317.61,-1,-9.99,-0.99,
1961,7,318.56,317.89,-1,-9.99,-0.99,
1961,8,316.79,318.09,-1,-9.99,-0.99,
1961,9,314.99,317.92,-1,-9.99,-0.99,
1961,10,315.31,318.34,-1,-9.99,-0.99,
1961,11,316.1,318,-1,-9.99,-0.99,
1961,12,317.01,317.78,-1,-9.99,-0.99,
1962,1,317.94,317.89,-1,-9.99,-0.99,
1962,2,318.55,317.89,-1,-9.99,-0.99,
1962,3,319.68,318.39,-1,-9.99,-0.99,
1962,4,320.57,318.24,-1,-9.99,-0.99,
1962,5,321.02,318.16,-1,-9.99,-0.99,
1962,6,320.62,318.45,-1,-9.99,-0.99,
1962,7,319.61,318.94,-1,-9.99,-0.99,
1962,8,317.4,318.71,-1,-9.99,-0.99,
1962,9,316.24,319.18,-1,-9.99,-0.99,
1962,10,315.42,318.46,-1,-9.99,-0.99,
1962,11,316.69,318.59,-1,-9.99,-0.99,
1962,12,317.7,318.47,-1,-9.99,-0.99,
1963,1,318.74,318.69,-1,-9.99,-0.99,
1963,2,319.07,318.41,-1,-9.99,-0.99,
1963,3,319.86,318.57,-1,-9.99,-0.99,
1963,4,321.38,319.05,-1,-9.99,-0.99,
1963,5,322.24,319.38,-1,-9.99,-0.99,
1963,6,321.49,319.31,-1,-9.99,-0.99,
1963,7,319.74,319.07,-1,-9.99,-0.99,
1963,8,317.77,319.07,-1,-9.99,-0.99,
1963,9,316.21,319.16,-1,-9.99,-0.99,
1963,10,315.99,319.03,-1,-9.99,-0.99,
1963,11,317.07,318.98,-1,-9.99,-0.99,
1963,12,318.35,319.13,-1,-9.99,-0.99,
1964,1,319.57,319.52,-1,-9.99,-0.99,
1964,2,320.04,319.37,-1,-9.99,-0.99,
1964,3,320.75,319.41,-1,-9.99,-0.99,
1964,4,321.84,319.46,-1,-9.99,-0.99,
1964,5,322.25,319.37,-1,-9.99,-0.99,
1964,6,321.89,319.73,-1,-9.99,-0.99,
1964,7,320.44,319.79,-1,-9.99,-0.99,
1964,8,318.69,320.03,-1,-9.99,-0.99,
1964,9,316.71,319.67,-1,-9.99,-0.99,
1964,10,316.87,319.93,-1,-9.99,-0.99,
1964,11,317.68,319.59,-1,-9.99,-0.99,
1964,12,318.71,319.49,-1,-9.99,-0.99,
1965,1,319.44,319.38,-1,-9.99,-0.99,
1965,2,320.44,319.79,-1,-9.99,-0.99,
1965,3,320.89,319.59,-1,-9.99,-0.99,
1965,4,322.14,319.79,-1,-9.99,-0.99,
1965,5,322.17,319.28,-1,-9.99,-0.99,
1965,6,321.87,319.68,-1,-9.99,-0.99,
1965,7,321.21,320.53,-1,-9.99,-0.99,
1965,8,318.87,320.18,-1,-9.99,-0.99,
1965,9,317.82,320.78,-1,-9.99,-0.99,
1965,10,317.3,320.37,-1,-9.99,-0.99,
1965,11,318.87,320.79,-1,-9.99,-0.99,
1965,12,319.42,320.2,-1,-9.99,-0.99,
1966,1,320.62,320.57,-1,-9.99,-0.99,
1966,2,321.6,320.94,-1,-9.99,-0.99,
1966,3,322.39,321.08,-1,-9.99,-0.99,
1966,4,323.7,321.34,-1,-9.99,-0.99,
1966,5,324.08,321.18,-1,-9.99,-0.99,
1966,6,323.75,321.55,-1,-9.99,-0.99,
1966,7,322.37,321.69,-1,-9.99,-0.99,
1966,8,320.36,321.68,-1,-9.99,-0.99,
1966,9,318.64,321.61,-1,-9.99,-0.99,
1966,10,318.1,321.18,-1,-9.99,-0.99,
1966,11,319.78,321.71,-1,-9.99,-0.99,
1966,12,321.02,321.81,-1,-9.99,-0.99,
1967,1,322.33,322.28,-1,-9.99,-0.99,
1967,2,322.5,321.83,-1,-9.99,-0.99,
1967,3,323.03,321.72,-1,-9.99,-0.99,
1967,4,324.41,322.05,-1,-9.99,-0.99,
1967,5,325,322.09,-1,-9.99,-0.99,
1967,6,324.09,321.89,-1,-9.99,-0.99,
1967,7,322.54,321.86,-1,-9.99,-0.99,
1967,8,320.92,322.24,-1,-9.99,-0.99,
1967,9,319.25,322.24,-1,-9.99,-0.99,
1967,10,319.39,322.48,-1,-9.99,-0.99,
1967,11,320.73,322.66,-1,-9.99,-0.99,
1967,12,321.96,322.74,-1,-9.99,-0.99,
1968,1,322.57,322.51,-1,-9.99,-0.99,
1968,2,323.15,322.48,-1,-9.99,-0.99,
1968,3,323.89,322.55,-1,-9.99,-0.99,
1968,4,325.02,322.63,-1,-9.99,-0.99,
1968,5,325.57,322.66,-1,-9.99,-0.99,
1968,6,325.36,323.17,-1,-9.99,-0.99,
1968,7,324.14,323.48,-1,-9.99,-0.99,
1968,8,322.11,323.46,-1,-9.99,-0.99,
1968,9,320.33,323.33,-1,-9.99,-0.99,
1968,10,320.25,323.34,-1,-9.99,-0.99,
1968,11,321.32,323.26,-1,-9.99,-0.99,
1968,12,322.89,323.68,-1,-9.99,-0.99,
1969,1,324,323.95,-1,-9.99,-0.99,
1969,2,324.41,323.75,-1,-9.99,-0.99,
1969,3,325.63,324.31,-1,-9.99,-0.99,
1969,4,326.66,324.28,-1,-9.99,-0.99,
1969,5,327.38,324.46,-1,-9.99,-0.99,
1969,6,326.71,324.49,-1,-9.99,-0.99,
1969,7,325.88,325.19,-1,-9.99,-0.99,
1969,8,323.66,324.99,-1,-9.99,-0.99,
1969,9,322.38,325.38,-1,-9.99,-0.99,
1969,10,321.78,324.89,-1,-9.99,-0.99,
1969,11,322.85,324.8,-1,-9.99,-0.99,
1969,12,324.11,324.91,-1,-9.99,-0.99,
1970,1,325.06,325.01,-1,-9.99,-0.99,
1970,2,325.99,325.31,-1,-9.99,-0.99,
1970,3,326.93,325.61,-1,-9.99,-0.99,
1970,4,328.13,325.75,-1,-9.99,-0.99,
1970,5,328.08,325.15,-1,-9.99,-0.99,
1970,6,327.67,325.44,-1,-9.99,-0.99,
1970,7,326.34,325.65,-1,-9.99,-0.99,
1970,8,324.68,326.02,-1,-9.99,-0.99,
1970,9,323.1,326.11,-1,-9.99,-0.99,
1970,10,323.06,326.18,-1,-9.99,-0.99,
1970,11,324.01,325.96,-1,-9.99,-0.99,
1970,12,325.13,325.93,-1,-9.99,-0.99,
1971,1,326.17,326.12,-1,-9.99,-0.99,
1971,2,326.69,326.01,-1,-9.99,-0.99,
1971,3,327.18,325.85,-1,-9.99,-0.99,
1971,4,327.78,325.39,-1,-9.99,-0.99,
1971,5,328.93,325.99,-1,-9.99,-0.99,
1971,6,328.57,326.34,-1,-9.99,-0.99,
1971,7,327.36,326.67,-1,-9.99,-0.99,
1971,8,325.43,326.77,-1,-9.99,-0.99,
1971,9,323.36,326.38,-1,-9.99,-0.99,
1971,10,323.56,326.69,-1,-9.99,-0.99,
1971,11,324.8,326.75,-1,-9.99,-0.99,
1971,12,326.01,326.81,-1,-9.99,-0.99,
1972,1,326.77,326.71,-1,-9.99,-0.99,
1972,2,327.63,326.96,-1,-9.99,-0.99,
1972,3,327.75,326.39,-1,-9.99,-0.99,
1972,4,329.72,327.3,-1,-9.99,-0.99,
1972,5,330.07,327.12,-1,-9.99,-0.99,
1972,6,329.09,326.87,-1,-9.99,-0.99,
1972,7,328.04,327.38,-1,-9.99,-0.99,
1972,8,326.32,327.69,-1,-9.99,-0.99,
1972,9,324.84,327.88,-1,-9.99,-0.99,
1972,10,325.2,328.33,-1,-9.99,-0.99,
1972,11,326.5,328.46,-1,-9.99,-0.99,
1972,12,327.55,328.35,-1,-9.99,-0.99,
1973,1,328.55,328.49,-1,-9.99,-0.99,
1973,2,329.57,328.89,-1,-9.99,-0.99,
1973,3,330.3,328.97,-1,-9.99,-0.99,
1973,4,331.5,329.1,-1,-9.99,-0.99,
1973,5,332.48,329.52,-1,-9.99,-0.99,
1973,6,332.07,329.83,-1,-9.99,-0.99,
1973,7,330.87,330.18,-1,-9.99,-0.99,
1973,8,329.31,330.66,-1,-9.99,-0.99,
1973,9,327.52,330.56,-1,-9.99,-0.99,
1973,10,327.19,330.33,-1,-9.99,-0.99,
1973,11,328.17,330.13,-1,-9.99,-0.99,
1973,12,328.65,329.45,-1,-9.99,-0.99,
1974,1,329.36,329.3,-1,-9.99,-0.99,
1974,2,330.71,330.03,-1,-9.99,-0.99,
1974,3,331.49,330.15,-1,-9.99,-0.99,
1974,4,332.65,330.24,-1,-9.99,-0.99,
1974,5,333.19,330.22,13,0.31,0.16,
1974,6,332.2,329.79,25,0.37,0.14,
1974,7,331.07,330.21,24,0.24,0.09,
1974,8,329.15,330.54,26,0.31,0.12,
1974,9,327.33,330.44,22,0.47,0.19,
1974,10,327.28,330.53,24,0.22,0.09,
1974,11,328.31,330.5,26,0.43,0.16,
1974,12,329.58,330.55,29,0.29,0.1,
1975,1,330.73,330.84,29,0.43,0.15,
1975,2,331.46,330.85,26,0.46,0.17,
1975,3,331.94,330.37,17,0.33,0.15,
1975,4,333.11,330.53,23,0.59,0.24,
1975,5,333.95,330.98,28,0.35,0.13,
1975,6,333.42,331.01,27,0.48,0.18,
1975,7,331.97,331.12,24,0.45,0.18,
1975,8,329.95,331.33,24,0.47,0.18,
1975,9,328.49,331.6,22,0.53,0.22,
1975,10,328.36,331.61,11,0.21,0.12,
1975,11,329.38,331.56,18,0.31,0.14,
1975,12,330.75,331.71,-1,-9.99,0,
1976,1,331.56,331.67,19,0.23,0.1,
1976,2,332.74,332.13,22,0.49,0.2,
1976,3,333.36,331.79,18,0.52,0.23,
1976,4,334.74,332.16,18,0.77,0.35,
1976,5,334.72,331.75,21,0.56,0.23,
1976,6,333.97,331.56,15,0.21,0.1,
1976,7,333.08,332.23,15,0.24,0.12,
1976,8,330.68,332.07,23,0.51,0.2,
1976,9,328.96,332.07,13,0.69,0.37,
1976,10,328.72,331.98,19,0.57,0.25,
1976,11,330.16,332.35,25,0.36,0.14,
1976,12,331.62,332.59,20,0.38,0.16,
1977,1,332.68,332.77,23,0.4,0.16,
1977,2,333.17,332.58,20,0.34,0.15,
1977,3,334.96,333.4,23,0.51,0.21,
1977,4,336.14,333.54,20,0.5,0.21,
1977,5,336.93,334,20,0.31,0.13,
1977,6,336.17,333.79,22,0.4,0.16,
1977,7,334.89,334.01,20,0.23,0.1,
1977,8,332.56,333.91,18,0.46,0.21,
1977,9,331.29,334.36,19,0.46,0.2,
1977,10,331.28,334.51,23,0.29,0.12,
1977,11,332.46,334.69,21,0.43,0.18,
1977,12,333.6,334.58,25,0.36,0.14,
1978,1,334.94,335.01,22,0.52,0.21,
1978,2,335.26,334.6,25,0.5,0.19,
1978,3,336.66,335,28,0.59,0.21,
1978,4,337.69,335.07,18,0.44,0.2,
1978,5,338.02,335.08,26,0.46,0.17,
1978,6,338.01,335.6,17,0.31,0.15,
1978,7,336.5,335.65,20,0.32,0.14,
1978,8,334.42,335.87,19,0.32,0.14,
1978,9,332.36,335.51,17,0.75,0.35,
1978,10,332.45,335.72,21,0.34,0.14,
1978,11,333.76,335.99,24,0.25,0.1,
1978,12,334.91,335.88,26,0.33,0.12,
1979,1,336.14,336.22,27,0.55,0.2,
1979,2,336.69,336,25,0.3,0.11,
1979,3,338.27,336.56,21,0.63,0.26,
1979,4,338.82,336.11,24,0.67,0.26,
1979,5,339.24,336.24,20,0.5,0.22,
1979,6,339.26,336.83,19,0.35,0.15,
1979,7,337.54,336.69,26,0.59,0.22,
1979,8,335.72,337.2,24,0.6,0.23,
1979,9,333.97,337.19,19,0.65,0.29,
1979,10,334.24,337.57,25,0.42,0.16,
1979,11,335.32,337.59,27,0.3,0.11,
1979,12,336.81,337.83,22,0.23,0.09,
1980,1,337.9,338.13,29,0.57,0.2,
1980,2,338.34,337.85,26,0.49,0.18,
1980,3,340.07,338.51,23,0.54,0.22,
1980,4,340.93,338.31,24,0.29,0.11,
1980,5,341.45,338.4,24,0.54,0.21,
1980,6,341.36,338.85,20,0.39,0.17,
1980,7,339.45,338.56,26,0.6,0.22,
1980,8,337.67,339.07,16,1.05,0.5,
1980,9,336.25,339.38,15,0.69,0.34,
1980,10,336.14,339.4,26,0.26,0.1,
1980,11,337.3,339.46,27,0.26,0.1,
1980,12,338.29,339.26,24,0.25,0.1,
1981,1,339.29,339.42,28,0.39,0.14,
1981,2,340.55,339.98,25,0.65,0.25,
1981,3,341.63,340.08,25,0.48,0.19,
1981,4,342.6,339.98,26,0.46,0.17,
1981,5,343.04,339.97,30,0.19,0.07,
1981,6,342.54,340.06,25,0.29,0.11,
1981,7,340.82,339.92,24,0.46,0.18,
1981,8,338.48,339.87,25,0.48,0.18,
1981,9,336.95,340.17,27,0.55,0.2,
1981,10,337.05,340.39,25,0.39,0.15,
1981,11,338.57,340.75,26,0.31,0.12,
1981,12,339.91,340.85,20,0.28,0.12,
1982,1,340.93,341.09,28,0.3,0.11,
1982,2,341.76,341.16,24,0.49,0.19,
1982,3,342.78,341.18,17,0.41,0.19,
1982,4,343.96,341.32,7,0.42,0.31,
1982,5,344.77,341.67,27,0.37,0.14,
1982,6,343.88,341.43,27,0.37,0.14,
1982,7,342.42,341.61,28,0.35,0.13,
1982,8,340.24,341.64,25,0.61,0.23,
1982,9,338.37,341.56,21,0.59,0.25,
1982,10,338.41,341.77,26,0.5,0.19,
1982,11,339.44,341.59,24,0.39,0.15,
1982,12,340.78,341.71,26,0.3,0.11,
1983,1,341.57,341.75,28,0.47,0.17,
1983,2,342.78,342.25,24,0.37,0.15,
1983,3,343.37,341.85,27,0.88,0.32,
1983,4,345.4,342.76,23,0.29,0.12,
1983,5,346.14,342.97,28,0.51,0.19,
1983,6,345.76,343.3,20,0.3,0.13,
1983,7,344.32,343.56,22,0.57,0.23,
1983,8,342.51,343.89,16,0.73,0.35,
1983,9,340.46,343.59,15,0.5,0.25,
1983,10,340.53,343.86,20,0.31,0.13,
1983,11,341.79,343.92,27,0.33,0.12,
1983,12,343.2,344.12,21,0.25,0.1,
1984,1,344.21,344.32,23,0.4,0.16,
1984,2,344.92,344.39,23,0.32,0.13,
1984,3,345.68,344.26,19,0.3,0.13,
1984,4,347.38,344.75,2,-9.99,0,
1984,5,347.78,344.59,20,0.42,0.18,
1984,6,347.16,344.73,20,0.31,0.13,
1984,7,345.79,345.02,18,0.33,0.15,
1984,8,343.74,345.12,12,0.45,0.25,
1984,9,341.59,344.76,14,0.72,0.37,
1984,10,341.86,345.19,12,0.36,0.2,
1984,11,343.31,345.41,18,0.41,0.19,
1984,12,345,345.88,14,0.53,0.27,
1985,1,345.48,345.59,25,0.38,0.14,
1985,2,346.41,345.92,15,0.37,0.18,
1985,3,347.91,346.56,17,0.34,0.16,
1985,4,348.66,346.08,21,0.61,0.25,
1985,5,349.28,346.12,20,0.51,0.22,
1985,6,348.65,346.23,21,0.34,0.14,
1985,7,346.9,346.08,17,0.36,0.17,
1985,8,345.26,346.57,16,0.57,0.27,
1985,9,343.47,346.59,24,0.57,0.22,
1985,10,343.35,346.6,20,0.29,0.13,
1985,11,344.73,346.82,21,0.4,0.17,
1985,12,346.12,347.04,26,0.62,0.23,
1986,1,346.78,346.82,25,0.31,0.12,
1986,2,347.48,346.98,25,0.45,0.17,
1986,3,348.25,346.93,16,0.7,0.34,
1986,4,349.86,347.29,19,0.38,0.17,
1986,5,350.52,347.42,18,0.31,0.14,
1986,6,349.98,347.61,17,0.25,0.11,
1986,7,348.25,347.43,20,0.47,0.2,
1986,8,346.17,347.51,18,0.48,0.21,
1986,9,345.48,348.61,17,0.63,0.29,
1986,10,344.82,348.04,25,0.32,0.12,
1986,11,346.22,348.28,21,0.3,0.13,
1986,12,347.48,348.36,24,0.35,0.14,
1987,1,348.73,348.66,25,0.46,0.17,
1987,2,348.92,348.24,25,0.58,0.22,
1987,3,349.81,348.39,21,0.35,0.15,
1987,4,351.4,348.84,26,0.68,0.25,
1987,5,352.15,349.09,28,0.37,0.13,
1987,6,351.58,349.29,22,0.21,0.09,
1987,7,350.21,349.51,17,0.73,0.34,
1987,8,348.2,349.65,15,0.85,0.42,
1987,9,346.66,349.85,23,0.61,0.24,
1987,10,346.72,349.96,22,0.41,0.17,
1987,11,348.08,350.15,23,0.33,0.13,
1987,12,349.28,350.14,27,0.2,0.08,
1988,1,350.51,350.49,24,0.21,0.08,
1988,2,351.7,350.99,23,0.57,0.23,
1988,3,352.5,350.99,25,0.78,0.3,
1988,4,353.67,351.03,27,0.48,0.18,
1988,5,354.35,351.22,28,0.37,0.13,
1988,6,353.88,351.55,26,0.3,0.11,
1988,7,352.8,352.16,27,0.49,0.18,
1988,8,350.49,352.01,26,0.62,0.23,
1988,9,348.97,352.18,26,0.47,0.18,
1988,10,349.37,352.62,26,0.31,0.12,
1988,11,350.43,352.53,25,0.2,0.08,
1988,12,351.62,352.52,28,0.36,0.13,
1989,1,353.07,352.99,28,0.45,0.16,
1989,2,353.43,352.69,25,0.38,0.15,
1989,3,354.08,352.6,29,0.53,0.19,
1989,4,355.72,353.07,28,0.47,0.17,
1989,5,355.95,352.78,27,0.49,0.18,
1989,6,355.44,353.06,26,0.42,0.16,
1989,7,354.05,353.38,26,0.41,0.15,
1989,8,351.84,353.43,25,0.48,0.18,
1989,9,350.09,353.37,24,0.69,0.27,
1989,10,350.33,353.57,25,0.34,0.13,
1989,11,351.55,353.68,27,0.36,0.13,
1989,12,352.91,353.84,27,0.48,0.18,
1990,1,353.86,353.78,25,0.34,0.13,
1990,2,355.1,354.37,28,0.66,0.24,
1990,3,355.75,354.27,27,0.57,0.21,
1990,4,356.38,353.76,28,0.55,0.2,
1990,5,357.38,354.23,28,0.3,0.11,
1990,6,356.39,354.02,29,0.4,0.14,
1990,7,354.89,354.24,30,0.89,0.31,
1990,8,353.06,354.68,22,0.62,0.25,
1990,9,351.38,354.69,27,0.72,0.26,
1990,10,351.69,354.94,28,0.3,0.11,
1990,11,353.14,355.18,24,0.2,0.08,
1990,12,354.41,355.26,28,0.51,0.19,
1991,1,354.93,354.9,28,0.51,0.18,
1991,2,355.82,355.11,26,0.54,0.2,
1991,3,357.33,355.79,30,0.73,0.25,
1991,4,358.77,356.13,30,0.66,0.23,
1991,5,359.23,356.1,29,0.52,0.19,
1991,6,358.23,355.88,29,0.3,0.11,
1991,7,356.3,355.69,24,0.46,0.18,
1991,8,353.97,355.59,23,0.39,0.15,
1991,9,352.34,355.66,27,0.37,0.14,
1991,10,352.43,355.69,27,0.25,0.09,
1991,11,353.89,355.87,28,0.25,0.09,
1991,12,355.21,356.02,30,0.34,0.12,
1992,1,356.34,356.29,31,0.6,0.21,
1992,2,357.21,356.47,27,0.56,0.21,
1992,3,357.97,356.38,24,0.72,0.28,
1992,4,359.22,356.51,27,0.53,0.2,
1992,5,359.71,356.52,26,0.74,0.28,
1992,6,359.44,357.07,30,0.49,0.17,
1992,7,357.15,356.58,25,0.63,0.24,
1992,8,354.99,356.67,24,0.62,0.24,
1992,9,353.01,356.36,25,0.98,0.38,
1992,10,353.41,356.72,29,0.56,0.2,
1992,11,354.42,356.48,29,0.34,0.12,
1992,12,355.68,356.5,31,0.32,0.11,
1993,1,357.1,357.06,28,0.58,0.21,
1993,2,357.42,356.54,28,0.49,0.18,
1993,3,358.59,356.88,30,0.72,0.25,
1993,4,359.39,356.71,25,0.53,0.2,
1993,5,360.3,357.14,30,0.45,0.16,
1993,6,359.64,357.24,28,0.35,0.13,
1993,7,357.45,356.87,25,0.78,0.3,
1993,8,355.76,357.44,27,0.62,0.23,
1993,9,354.14,357.51,23,0.73,0.29,
1993,10,354.23,357.61,28,0.29,0.11,
1993,11,355.53,357.65,29,0.26,0.09,
1993,12,357.03,357.92,29,0.28,0.1,
1994,1,358.36,358.25,27,0.33,0.12,
1994,2,359.04,358.21,25,0.5,0.19,
1994,3,360.11,358.41,29,0.82,0.29,
1994,4,361.36,358.59,28,0.5,0.18,
1994,5,361.78,358.59,30,0.45,0.16,
1994,6,360.94,358.57,27,0.3,0.11,
1994,7,359.51,358.91,31,0.41,0.14,
1994,8,357.59,359.29,24,0.43,0.17,
1994,9,355.86,359.31,24,0.58,0.23,
1994,10,356.21,359.63,28,0.28,0.1,
1994,11,357.65,359.8,28,0.51,0.18,
1994,12,359.1,359.96,28,0.46,0.17,
1995,1,360.04,359.91,30,0.47,0.16,
1995,2,361,360.18,28,0.52,0.19,
1995,3,361.98,360.37,29,0.78,0.28,
1995,4,363.44,360.76,29,0.65,0.23,
1995,5,363.83,360.73,29,0.66,0.24,
1995,6,363.33,360.98,27,0.37,0.14,
1995,7,361.78,361.1,28,0.36,0.13,
1995,8,359.33,360.93,24,0.7,0.28,
1995,9,358.32,361.7,24,0.68,0.26,
1995,10,358.14,361.52,29,0.26,0.09,
1995,11,359.61,361.75,26,0.24,0.09,
1995,12,360.82,361.67,30,0.36,0.12,
1996,1,362.2,361.98,29,0.38,0.13,
1996,2,363.36,362.47,28,0.55,0.2,
1996,3,364.28,362.64,28,0.67,0.24,
1996,4,364.69,361.99,29,0.59,0.21,
1996,5,365.25,362.23,30,0.57,0.2,
1996,6,365.06,362.82,30,0.38,0.13,
1996,7,363.69,362.98,31,0.32,0.11,
1996,8,361.55,363.13,27,0.49,0.18,
1996,9,359.69,363.14,25,0.75,0.29,
1996,10,359.72,363.12,29,0.32,0.11,
1996,11,361.04,363.18,29,0.29,0.1,
1996,12,362.39,363.23,29,0.36,0.13,
1997,1,363.24,363.03,31,0.4,0.14,
1997,2,364.21,363.4,28,0.62,0.22,
1997,3,364.65,363.02,31,0.4,0.14,
1997,4,366.49,363.82,21,0.46,0.19,
1997,5,366.77,363.87,29,0.53,0.19,
1997,6,365.73,363.56,27,0.23,0.09,
1997,7,364.46,363.74,24,0.47,0.18,
1997,8,362.4,363.98,25,0.57,0.22,
1997,9,360.44,363.83,26,0.63,0.24,
1997,10,360.97,364.28,27,0.32,0.12,
1997,11,362.65,364.71,30,0.31,0.11,
1997,12,364.51,365.28,30,0.41,0.14,
1998,1,365.39,365.19,30,0.43,0.15,
1998,2,366.1,365.29,28,0.62,0.23,
1998,3,367.36,365.73,31,0.82,0.28,
1998,4,368.79,366.17,29,0.63,0.22,
1998,5,369.56,366.68,30,0.77,0.27,
1998,6,369.13,366.95,28,0.24,0.09,
1998,7,367.98,367.29,23,0.65,0.26,
1998,8,366.1,367.69,30,0.3,0.1,
1998,9,364.16,367.52,28,0.4,0.14,
1998,10,364.54,367.82,30,0.26,0.09,
1998,11,365.67,367.7,23,0.25,0.1,
1998,12,367.3,368.05,26,0.36,0.14,
1999,1,368.35,368.13,27,0.47,0.17,
1999,2,369.28,368.46,21,0.47,0.2,
1999,3,369.84,368.24,25,0.81,0.31,
1999,4,371.15,368.62,29,0.67,0.24,
1999,5,371.12,368.31,26,0.59,0.22,
1999,6,370.46,368.29,26,0.44,0.16,
1999,7,369.61,368.93,27,0.63,0.23,
1999,8,367.06,368.63,25,0.38,0.14,
1999,9,364.95,368.28,28,0.74,0.27,
1999,10,365.52,368.8,31,0.28,0.1,
1999,11,366.88,368.86,28,0.25,0.09,
1999,12,368.26,368.93,26,0.29,0.11,
2000,1,369.45,369.24,26,0.48,0.18,
2000,2,369.71,368.99,19,0.48,0.21,
2000,3,370.75,369.24,30,0.47,0.16,
2000,4,371.98,369.44,27,0.58,0.21,
2000,5,371.75,368.87,28,0.53,0.19,
2000,6,371.87,369.66,28,0.24,0.09,
2000,7,370.02,369.36,25,0.31,0.12,
2000,8,368.27,369.87,27,0.42,0.15,
2000,9,367.15,370.46,25,0.36,0.14,
2000,10,367.18,370.42,30,0.27,0.09,
2000,11,368.53,370.48,25,0.3,0.12,
2000,12,369.83,370.46,30,0.38,0.13,
2001,1,370.76,370.6,30,0.56,0.2,
2001,2,371.69,370.95,26,0.61,0.23,
2001,3,372.63,371.06,26,0.46,0.17,
2001,4,373.55,370.99,29,0.56,0.2,
2001,5,374.03,371.11,24,0.41,0.16,
2001,6,373.4,371.17,26,0.37,0.14,
2001,7,371.68,371.08,25,0.62,0.24,
2001,8,369.78,371.39,27,0.6,0.22,
2001,9,368.34,371.61,28,0.49,0.18,
2001,10,368.61,371.85,31,0.33,0.11,
2001,11,369.94,371.92,24,0.24,0.09,
2001,12,371.42,372.09,29,0.4,0.14,
2002,1,372.7,372.48,28,0.52,0.19,
2002,2,373.37,372.49,28,0.66,0.24,
2002,3,374.3,372.61,24,0.62,0.24,
2002,4,375.19,372.54,29,0.55,0.19,
2002,5,375.93,372.98,29,0.57,0.2,
2002,6,375.69,373.46,28,0.46,0.17,
2002,7,374.16,373.58,25,0.47,0.18,
2002,8,372.03,373.7,28,0.65,0.24,
2002,9,370.92,374.29,23,0.74,0.3,
2002,10,370.73,374.06,31,0.62,0.21,
2002,11,372.43,374.52,29,0.43,0.15,
2002,12,373.98,374.72,31,0.46,0.16,
2003,1,375.07,374.82,30,0.51,0.18,
2003,2,375.82,374.95,27,0.58,0.21,
2003,3,376.64,374.99,28,0.63,0.23,
2003,4,377.92,375.24,27,0.37,0.14,
2003,5,378.78,375.73,30,0.78,0.27,
2003,6,378.46,376.21,25,0.39,0.15,
2003,7,376.88,376.37,29,0.7,0.25,
2003,8,374.57,376.27,23,0.57,0.23,
2003,9,373.34,376.65,25,0.37,0.14,
2003,10,373.31,376.65,30,0.33,0.12,
2003,11,374.84,376.99,26,0.45,0.17,
2003,12,376.17,376.93,27,0.4,0.15,
2004,1,377.17,376.96,30,0.45,0.16,
2004,2,378.05,377.19,29,0.74,0.26,
2004,3,379.06,377.4,27,0.84,0.31,
2004,4,380.54,377.8,26,0.52,0.19,
2004,5,380.8,377.66,28,0.61,0.22,
2004,6,379.87,377.57,21,0.47,0.19,
2004,7,377.65,377.12,25,0.5,0.19,
2004,8,376.17,377.9,16,0.45,0.21,
2004,9,374.43,377.8,15,0.56,0.28,
2004,10,374.63,378,29,0.19,0.07,
2004,11,376.33,378.49,29,0.62,0.22,
2004,12,377.68,378.48,30,0.29,0.1,
2005,1,378.63,378.37,31,0.32,0.11,
2005,2,379.91,379.1,24,0.6,0.24,
2005,3,380.95,379.45,26,1.16,0.44,
2005,4,382.48,379.84,26,0.53,0.2,
2005,5,382.64,379.49,31,0.61,0.21,
2005,6,382.4,380.07,28,0.21,0.08,
2005,7,380.93,380.38,29,0.38,0.13,
2005,8,378.93,380.61,26,0.53,0.2,
2005,9,376.89,380.2,27,0.51,0.19,
2005,10,377.19,380.5,14,0.15,0.08,
2005,11,378.54,380.69,23,0.45,0.18,
2005,12,380.31,381.09,26,0.39,0.15,
2006,1,381.58,381.33,24,0.31,0.12,
2006,2,382.4,381.58,25,0.51,0.2,
2006,3,382.86,381.32,29,0.55,0.2,
2006,4,384.8,382.11,25,0.49,0.19,
2006,5,385.22,382.06,24,0.45,0.17,
2006,6,384.24,381.93,28,0.43,0.16,
2006,7,382.65,382.1,24,0.32,0.12,
2006,8,380.6,382.27,27,0.47,0.17,
2006,9,379.04,382.35,25,0.42,0.16,
2006,10,379.33,382.66,23,0.4,0.16,
2006,11,380.35,382.52,29,0.39,0.14,
2006,12,382.02,382.84,27,0.38,0.14,
2007,1,383.1,382.88,24,0.76,0.3,
2007,2,384.12,383.22,21,0.81,0.34,
2007,3,384.81,383.17,27,0.63,0.23,
2007,4,386.73,383.95,25,0.76,0.29,
2007,5,386.78,383.56,29,0.64,0.23,
2007,6,386.33,384.06,26,0.42,0.16,
2007,7,384.73,384.25,27,0.44,0.16,
2007,8,382.24,383.95,22,0.64,0.26,
2007,9,381.2,384.56,21,0.45,0.19,
2007,10,381.37,384.72,29,0.19,0.07,
2007,11,382.7,384.9,30,0.31,0.11,
2007,12,384.19,385.07,22,0.34,0.14,
2008,1,385.78,385.54,31,0.56,0.19,
2008,2,386.06,385.2,26,0.58,0.22,
2008,3,386.28,384.72,30,0.6,0.21,
2008,4,387.33,384.71,22,1.19,0.49,
2008,5,388.78,385.69,25,0.57,0.22,
2008,6,387.99,385.68,23,0.49,0.2,
2008,7,386.61,386.05,10,0.96,0.58,
2008,8,384.32,385.98,25,0.66,0.25,
2008,9,383.41,386.69,27,0.34,0.12,
2008,10,383.22,386.49,23,0.27,0.11,
2008,11,384.41,386.59,28,0.29,0.11,
2008,12,385.79,386.64,29,0.27,0.1,
2009,1,387.17,386.86,30,0.38,0.13,
2009,2,387.7,386.81,26,0.49,0.18,
2009,3,389.04,387.54,28,0.68,0.25,
2009,4,389.76,387.15,29,0.85,0.3,
2009,5,390.36,387.24,30,0.51,0.18,
2009,6,389.7,387.46,29,0.6,0.21,
2009,7,388.24,387.77,22,0.31,0.13,
2009,8,386.29,387.99,28,0.62,0.22,
2009,9,384.95,388.22,28,0.56,0.2,
2009,10,384.64,387.88,30,0.31,0.11,
2009,11,386.23,388.36,30,0.29,0.1,
2009,12,387.63,388.43,20,0.47,0.2,
2010,1,388.91,388.62,30,0.92,0.32,
2010,2,390.41,389.47,20,1.31,0.56,
2010,3,391.37,389.85,25,1.05,0.4,
2010,4,392.67,390.12,26,0.65,0.24,
2010,5,393.21,390.09,29,0.65,0.23,
2010,6,392.38,390.1,28,0.42,0.15,
2010,7,390.41,389.93,29,0.47,0.17,
2010,8,388.54,390.21,26,0.41,0.16,
2010,9,387.03,390.32,29,0.55,0.19,
2010,10,387.43,390.72,31,0.27,0.09,
2010,11,388.87,390.98,29,0.42,0.15,
2010,12,389.99,390.8,29,0.47,0.17,
2011,1,391.5,391.19,29,0.88,0.31,
2011,2,392.05,391.12,28,0.47,0.17,
2011,3,392.8,391.27,29,0.97,0.35,
2011,4,393.44,390.83,28,0.73,0.26,
2011,5,394.41,391.24,29,0.93,0.33,
2011,6,393.95,391.64,28,0.45,0.16,
2011,7,392.72,392.24,26,0.71,0.26,
2011,8,390.33,392.04,27,0.42,0.15,
2011,9,389.28,392.6,26,0.31,0.12,
2011,10,389.19,392.53,30,0.17,0.06,
2011,11,390.48,392.64,28,0.26,0.1,
2011,12,392.06,392.86,26,0.37,0.14,
2012,1,393.31,393.07,30,0.77,0.27,
2012,2,394.04,393.2,26,1.19,0.45,
2012,3,394.59,392.99,30,0.63,0.22,
2012,4,396.38,393.65,29,0.59,0.21,
2012,5,396.93,393.73,30,0.5,0.17,
2012,6,395.91,393.63,28,0.59,0.21,
2012,7,394.56,394.12,26,0.3,0.11,
2012,8,392.59,394.37,30,0.52,0.18,
2012,9,391.32,394.75,26,0.42,0.16,
2012,10,391.27,394.64,28,0.23,0.08,
2012,11,393.2,395.25,29,0.53,0.19,
2012,12,394.57,395.27,29,0.44,0.16,
2013,1,395.78,395.62,28,0.6,0.22,
2013,2,397.03,396.23,25,0.57,0.22,
2013,3,397.66,396.07,30,0.71,0.25,
2013,4,398.64,395.79,22,0.59,0.24,
2013,5,400.02,396.64,28,0.37,0.13,
2013,6,398.81,396.48,26,0.43,0.16,
2013,7,397.51,397.12,21,0.52,0.22,
2013,8,395.39,397.27,27,0.45,0.16,
2013,9,393.72,397.24,26,0.35,0.13,
2013,10,393.9,397.25,28,0.16,0.06,
2013,11,395.36,397.35,30,0.6,0.21,
2013,12,397.03,397.78,30,0.48,0.17,
2014,1,398.04,397.74,31,0.49,0.17,
2014,2,398.27,397.45,27,0.51,0.19,
2014,3,399.91,398.37,22,0.84,0.34,
2014,4,401.51,398.63,26,0.5,0.19,
2014,5,401.96,398.56,22,0.51,0.21,
2014,6,401.43,399.1,28,0.36,0.13,
2014,7,399.27,398.85,25,0.55,0.21,
2014,8,397.18,399.07,22,0.28,0.12,
2014,9,395.54,399.11,21,0.54,0.23,
2014,10,396.16,399.58,24,0.73,0.29,
2014,11,397.4,399.49,27,0.37,0.14,
2014,12,399.08,399.81,29,0.6,0.21,
2015,1,400.18,399.92,30,0.55,0.19,
2015,2,400.55,399.77,28,0.63,0.23,
2015,3,401.74,400.22,24,1.02,0.4,
2015,4,403.35,400.46,26,0.86,0.32,
2015,5,404.15,400.7,30,0.32,0.11,
2015,6,402.97,400.65,29,0.47,0.17,
2015,7,401.46,401.11,24,0.57,0.22,
2015,8,399.11,401.04,28,0.74,0.27,
2015,9,397.82,401.43,25,0.32,0.12,
2015,10,398.49,401.89,28,0.56,0.2,
2015,11,400.27,402.24,25,0.58,0.22,
2015,12,402.06,402.72,30,0.67,0.23,
2016,1,402.73,402.45,27,0.56,0.21,
2016,2,404.25,403.4,25,1.11,0.43,
2016,3,405.06,403.54,28,0.81,0.29,
2016,4,407.6,404.77,23,1.04,0.41,
2016,5,407.9,404.41,29,0.5,0.18,
2016,6,406.99,404.59,26,0.6,0.23,
2016,7,404.59,404.24,28,0.88,0.32,
2016,8,402.45,404.41,24,0.6,0.23,
2016,9,401.23,404.85,25,0.44,0.17,
2016,10,401.79,405.23,29,0.3,0.11,
2016,11,403.72,405.74,27,0.72,0.26,
2016,12,404.64,405.33,29,0.44,0.16,
2017,1,406.36,406.04,27,0.68,0.25,
2017,2,406.66,405.8,26,0.71,0.27,
2017,3,407.54,406.05,24,1.03,0.4,
2017,4,409.22,406.37,26,0.86,0.32,
2017,5,409.89,406.37,27,0.57,0.21,
2017,6,409.08,406.68,26,0.54,0.2,
2017,7,407.33,407.01,28,0.61,0.22,
2017,8,405.32,407.31,29,0.32,0.12,
2017,9,403.57,407.17,26,0.37,0.14,
2017,10,403.82,407.23,27,0.3,0.11,
2017,11,405.31,407.36,26,0.41,0.15,
2017,12,407,407.71,31,0.57,0.2,
2018,1,408.15,407.83,29,0.55,0.19,
2018,2,408.52,407.61,28,0.52,0.19,
2018,3,409.59,408.06,29,0.65,0.23,
2018,4,410.45,407.65,21,0.9,0.38,
2018,5,411.44,407.98,24,0.86,0.33,
2018,6,410.99,408.6,29,0.61,0.22,
2018,7,408.9,408.6,27,0.46,0.17,
2018,8,407.16,409.17,31,0.28,0.1,
2018,9,405.71,409.3,29,0.45,0.16,
2018,10,406.19,409.56,30,0.32,0.11,
2018,11,408.21,410.24,24,0.56,0.22,
2018,12,409.27,409.99,30,0.5,0.17,
2019,1,411.03,410.69,26,1.26,0.47,
2019,2,411.96,410.97,27,1.14,0.42,
2019,3,412.18,410.71,28,1.12,0.4,
2019,4,413.54,410.92,27,0.6,0.22,
2019,5,414.86,411.47,28,0.5,0.18,
2019,6,414.15,411.74,27,0.36,0.13,
2019,7,411.96,411.64,25,0.81,0.31,
2019,8,410.17,412.1,29,0.32,0.11,
2019,9,408.76,412.26,29,0.35,0.13,
2019,10,408.74,412.09,29,0.31,0.11,
2019,11,410.47,412.5,26,0.4,0.15,
2019,12,411.97,412.71,31,0.4,0.14,
2020,1,413.59,413.22,29,0.73,0.26,
2020,2,414.32,413.4,28,0.69,0.25,
2020,3,414.72,413.35,26,0.32,0.12,
2020,4,416.42,413.92,28,0.65,0.24,
2020,5,417.28,413.98,27,0.61,0.23,
2020,6,416.58,414.15,27,0.44,0.16,
2020,7,414.58,414.19,30,0.57,0.2,
2020,8,412.75,414.6,25,0.25,0.1,
2020,9,411.5,414.9,29,0.31,0.11,
2020,10,411.48,414.79,30,0.22,0.08,
2020,11,413.1,415.11,27,0.81,0.3,
2020,12,414.23,414.91,30,0.48,0.17,
2021,1,415.49,415.2,29,0.44,0.16,
2021,2,416.72,415.79,28,1.02,0.37,
2021,3,417.61,416.17,28,0.86,0.31,
2021,4,419.01,416.51,24,1.12,0.44,
2021,5,419.09,415.84,28,0.9,0.32,
2021,6,418.93,416.49,29,0.65,0.23,
2021,7,416.9,416.44,31,0.71,0.24,
2021,8,414.42,416.25,25,0.74,0.28,
2021,9,413.26,416.65,27,0.29,0.11,
2021,10,413.9,417.17,29,0.35,0.12,
2021,11,414.97,417.01,30,0.36,0.13,
2021,12,416.67,417.45,28,0.48,0.17,
2022,1,418.13,417.84,30,0.72,0.25,
2022,2,419.24,418.31,27,0.92,0.34,
2022,3,418.76,417.32,30,0.78,0.27,
2022,4,420.19,417.69,28,0.86,0.31,
2022,5,420.97,417.71,31,0.75,0.26,
2022,6,420.94,418.5,28,0.3,0.11,
2022,7,418.85,418.4,27,0.57,0.21,
2022,8,417.15,418.98,27,0.37,0.13,
2022,9,415.91,419.29,28,0.41,0.15,
2022,10,415.74,419.01,30,0.27,0.1,
2022,11,417.47,419.51,25,0.52,0.2,
2022,12,418.99,419.77,24,0.57,0.22,
2023,1,419.47,419.18,31,0.4,0.14,
2023,2,420.31,419.38,23,0.7,0.28,
2023,3,420.99,419.56,30,0.74,0.26,
2023,4,423.31,420.81,27,0.56,0.21,
2023,5,424,420.75,31,0.7,0.24,
2023,6,423.68,421.24,29,0.57,0.2,
2023,7,421.83,421.37,21,0.48,0.2,
2023,8,419.68,421.51,21,0.45,0.19,
2023,9,418.5,421.89,18,0.3,0.14,
2023,10,418.82,422.09,27,0.47,0.17,
2023,11,420.46,422.5,21,0.91,0.38,
2023,12,421.86,422.63,20,0.69,0.29,
2024,1,422.8,422.52,27,0.7,0.26,
2024,2,424.55,423.63,22,1.24,0.51,
2024,3,425.38,423.95,22,0.99,0.4,
2024,4,426.51,424.01,22,0.99,0.4,
2024,5,426.9,423.64,29,0.76,0.27,
2024,6,426.91,424.47,20,0.65,0.28,
2024,7,425.55,425.1,24,0.69,0.27,
2024,8,422.99,424.82,22,1.08,0.44,
2024,9,422.03,425.42,18,0.41,0.18,
2024,10,22,0.35,0.14,,,
422.38,425.65,,,,,,